Id,Prix réel,Prix prédit,Erreur,Erreur absolue,OverallQual,GrLivArea,Neighborhood,YearBuilt
692,755000.0,434329.0824306511,-320670.9175693489,320670.9175693489,10,4316,NoRidge,1994
1374,466500.0,262331.2563119817,-204168.7436880183,204168.7436880183,10,2633,NoRidge,2001
2683,209375.003419718,401134.2755917685,191759.2721720505,191759.2721720505,9,3500,NoRidge,1993
232,403000.0,234864.50080529938,-168135.49919470062,168135.49919470062,8,2794,NoRidge,1995
179,501837.0,333827.5394949895,-168009.4605050105,168009.4605050105,9,2234,StoneBr,2008
2823,235419.373448928,387549.20462424064,152129.83117531263,152129.83117531263,6,3672,Edwards,1935
2340,164430.391189608,302784.05383179494,138353.66264218694,138353.66264218694,10,1966,Somerst,2007
46,319900.0,186633.92596472,-133266.07403528,133266.07403528,9,1752,NridgHt,2005
314,375000.0,251188.50579204207,-123811.49420795793,123811.49420795793,7,2036,Timber,1965
528,446261.0,323297.6270669834,-122963.37293301662,122963.37293301662,9,2713,NridgHt,2008
