Variable,Importance
numeric__TotalSF,0.40545313742483585
numeric__2ndFlrSF,0.04054301753895824
numeric__LotArea,0.03865401818972187
numeric__GrLivArea,0.035633470634715995
numeric__OverallQual,0.02800831581194206
numeric__GarageArea,0.0252864560014477
numeric__BsmtUnfSF,0.024599191778942778
numeric__GarageYrBlt,0.023294651139920394
numeric__BsmtFinSF1,0.022874230906073864
numeric__MasVnrArea,0.022198714926957033
numeric__MoSold,0.018006438270757992
numeric__1stFlrSF,0.01752297295858736
numeric__LotFrontage,0.017366773812706467
numeric__OpenPorchSF,0.01586914509972334
numeric__WoodDeckSF,0.015718949320614618
